[{"fields": {"plant_description": "\u041a\u0440\u0430\u0441\u0441\u0443\u043b\u0430 \u041a\u0440\u0430\u0441\u0441\u0443\u043b\u0430", "plant_name": "\u041a\u0440\u0430\u0441\u0441\u0443\u043b\u0430", "plant_image_path": "crassula.png"}, "model": "mainpageapp.plant", "pk": 1}, {"fields": {"plant_description": "\u041c\u043e\u0440\u043a\u043e\u0432\u044c \u041c\u043e\u0440\u043a\u043e\u0432\u044c", "plant_name": "\u041c\u043e\u0440\u043a\u043e\u0432\u044c", "plant_image_path": "morkov.png"}, "model": "mainpageapp.plant", "pk": 2}, {"fields": {"plant_description": "\u041b\u0443\u043a \u041b\u0443\u043a", "plant_name": "\u041b\u0443\u043a", "plant_image_path": "luk.png"}, "model": "mainpageapp.plant", "pk": 3}, {"fields": {"ingredient_description": "\u0418\u043d\u0433\u0440\u0435\u0434\u0438\u0435\u043d\u0442 1 \u0418\u043d\u0433\u0440\u0435\u0434\u0438\u0435\u043d\u0442 1", "ingredient_name": "\u0418\u043d\u0433\u0440\u0435\u0434\u0438\u0435\u043d\u0442 1"}, "model": "mainpageapp.ingredient", "pk": 1}, {"fields": {"ingredient_description": "\u0418\u043d\u0433\u0440\u0435\u0434\u0438\u0435\u043d\u0442 2 \u0418\u043d\u0433\u0440\u0435\u0434\u0438\u0435\u043d\u0442 2", "ingredient_name": "\u0418\u043d\u0433\u0440\u0435\u0434\u0438\u0435\u043d\u0442 2"}, "model": "mainpageapp.ingredient", "pk": 2}, {"fields": {"ingredient_description": "\u0418\u043d\u0433\u0440\u0435\u0434\u0438\u0435\u043d\u0442 3 \u0418\u043d\u0433\u0440\u0435\u0434\u0438\u0435\u043d\u0442 3", "ingredient_name": "\u0418\u043d\u0433\u0440\u0435\u0434\u0438\u0435\u043d\u0442 3"}, "model": "mainpageapp.ingredient", "pk": 3}, {"fields": {"ingredient_description": "\u0418\u043d\u0433\u0440\u0435\u0434\u0438\u0435\u043d\u0442 4 \u0418\u043d\u0433\u0440\u0435\u0434\u0438\u0435\u043d\u0442 4", "ingredient_name": "\u0418\u043d\u0433\u0440\u0435\u0434\u0438\u0435\u043d\u0442 4"}, "model": "mainpageapp.ingredient", "pk": 4}, {"fields": {"proportion_ingredient": 3, "proportion_ingredient_amount": 10}, "model": "mainpageapp.proportion", "pk": 1}, {"fields": {"proportion_ingredient": 2, "proportion_ingredient_amount": 20}, "model": "mainpageapp.proportion", "pk": 2}, {"fields": {"proportion_ingredient": 3, "proportion_ingredient_amount": 30}, "model": "mainpageapp.proportion", "pk": 3}, {"fields": {"proportion_ingredient": 2, "proportion_ingredient_amount": 50}, "model": "mainpageapp.proportion", "pk": 4}, {"fields": {"proportion_ingredient": 1, "proportion_ingredient_amount": 100}, "model": "mainpageapp.proportion", "pk": 5}, {"fields": {"proportion_ingredient": null, "proportion_ingredient_amount": 13}, "model": "mainpageapp.proportion", "pk": 6}, {"fields": {"proportion_ingredient": 3, "proportion_ingredient_amount": 15}, "model": "mainpageapp.proportion", "pk": 7}, {"fields": {"proportion_ingredient": 2, "proportion_ingredient_amount": 25}, "model": "mainpageapp.proportion", "pk": 8}, {"fields": {"proportion_ingredient": 3, "proportion_ingredient_amount": 35}, "model": "mainpageapp.proportion", "pk": 9}, {"fields": {"proportion_ingredient": 2, "proportion_ingredient_amount": 60}, "model": "mainpageapp.proportion", "pk": 10}, {"fields": {"proportion_ingredient": 2, "proportion_ingredient_amount": 55}, "model": "mainpageapp.proportion", "pk": 11}, {"fields": {"proportion_ingredient": 1, "proportion_ingredient_amount": 25}, "model": "mainpageapp.proportion", "pk": 12}, {"fields": {"proportion_ingredient": 3, "proportion_ingredient_amount": 25}, "model": "mainpageapp.proportion", "pk": 13}, {"fields": {"proportion_ingredient": 1, "proportion_ingredient_amount": 10}, "model": "mainpageapp.proportion", "pk": 14}, {"fields": {"proportion_ingredient": 2, "proportion_ingredient_amount": 10}, "model": "mainpageapp.proportion", "pk": 15}, {"fields": {"proportion_ingredient": 1, "proportion_ingredient_amount": 15}, "model": "mainpageapp.proportion", "pk": 16}, {"fields": {"proportion_ingredient": null, "proportion_ingredient_amount": 0}, "model": "mainpageapp.proportion", "pk": 17}, {"fields": {"proportion_ingredient": 1, "proportion_ingredient_amount": 17}, "model": "mainpageapp.proportion", "pk": 18}, {"fields": {"proportion_ingredient": 1, "proportion_ingredient_amount": 16}, "model": "mainpageapp.proportion", "pk": 19}, {"fields": {"proportion_ingredient": 3, "proportion_ingredient_amount": 16}, "model": "mainpageapp.proportion", "pk": 20}, {"fields": {"proportion_ingredient": 2, "proportion_ingredient_amount": 23}, "model": "mainpageapp.proportion", "pk": 21}, {"fields": {"proportion_ingredient": 2, "proportion_ingredient_amount": 28}, "model": "mainpageapp.proportion", "pk": 22}, {"fields": {"mix_name": "\u0420\u0430\u0441\u0442\u0432\u043e\u0440 1", "mix_proportions": [22], "mix_description": "\u0420\u0430\u0441\u0442\u0432\u043e\u0440 1 \u0420\u0430\u0441\u0442\u0432\u043e\u0440 1"}, "model": "mainpageapp.mix", "pk": 1}, {"fields": {"mix_name": "\u0420\u0430\u0441\u0442\u0432\u043e\u0440 2", "mix_proportions": [7, 8], "mix_description": "\u0420\u0430\u0441\u0442\u0432\u043e\u0440 2 \u0420\u0430\u0441\u0442\u0432\u043e\u0440 2"}, "model": "mainpageapp.mix", "pk": 2}, {"fields": {"mix_name": "\u0420\u0430\u0441\u0442\u0432\u043e\u0440 3", "mix_proportions": [12, 13], "mix_description": "\u0420\u0430\u0441\u0442\u0432\u043e\u0440 3 \u0420\u0430\u0441\u0442\u0432\u043e\u0440 3"}, "model": "mainpageapp.mix", "pk": 4}, {"fields": {"gardenbed_posy": 1, "gardenbed_posx": 1, "gardenbed_time": "10,", "gardenbed_mix": 4, "gardenbed_plant": 1, "gardenbed_name": "A1"}, "model": "mainpageapp.gardenbed", "pk": 18}, {"fields": {"gardenbed_posy": 4, "gardenbed_posx": 4, "gardenbed_time": "10,13,16,", "gardenbed_mix": 4, "gardenbed_plant": 2, "gardenbed_name": "D4"}, "model": "mainpageapp.gardenbed", "pk": 19}, {"fields": {"gardenbed_posy": 1, "gardenbed_posx": 2, "gardenbed_time": null, "gardenbed_mix": null, "gardenbed_plant": null, "gardenbed_name": "2A"}, "model": "mainpageapp.gardenbed", "pk": 20}, {"fields": {"gardenbed_posy": 1, "gardenbed_posx": 3, "gardenbed_time": "10,", "gardenbed_mix": 2, "gardenbed_plant": 1, "gardenbed_name": "3A"}, "model": "mainpageapp.gardenbed", "pk": 21}, {"fields": {"gardenbed_posy": 1, "gardenbed_posx": 4, "gardenbed_time": null, "gardenbed_mix": null, "gardenbed_plant": null, "gardenbed_name": "4A"}, "model": "mainpageapp.gardenbed", "pk": 22}, {"fields": {"gardenbed_posy": 2, "gardenbed_posx": 1, "gardenbed_time": null, "gardenbed_mix": null, "gardenbed_plant": null, "gardenbed_name": "1B"}, "model": "mainpageapp.gardenbed", "pk": 23}, {"fields": {"gardenbed_posy": 2, "gardenbed_posx": 2, "gardenbed_time": "10,", "gardenbed_mix": 4, "gardenbed_plant": 3, "gardenbed_name": "2B"}, "model": "mainpageapp.gardenbed", "pk": 24}, {"fields": {"gardenbed_posy": 2, "gardenbed_posx": 3, "gardenbed_time": null, "gardenbed_mix": null, "gardenbed_plant": null, "gardenbed_name": "3B"}, "model": "mainpageapp.gardenbed", "pk": 25}, {"fields": {"gardenbed_posy": 2, "gardenbed_posx": 4, "gardenbed_time": null, "gardenbed_mix": null, "gardenbed_plant": null, "gardenbed_name": "4B"}, "model": "mainpageapp.gardenbed", "pk": 26}, {"fields": {"gardenbed_posy": 3, "gardenbed_posx": 1, "gardenbed_time": null, "gardenbed_mix": null, "gardenbed_plant": null, "gardenbed_name": "1C"}, "model": "mainpageapp.gardenbed", "pk": 27}, {"fields": {"gardenbed_posy": 3, "gardenbed_posx": 2, "gardenbed_time": null, "gardenbed_mix": null, "gardenbed_plant": null, "gardenbed_name": "2C"}, "model": "mainpageapp.gardenbed", "pk": 28}, {"fields": {"gardenbed_posy": 3, "gardenbed_posx": 3, "gardenbed_time": null, "gardenbed_mix": null, "gardenbed_plant": null, "gardenbed_name": "3C"}, "model": "mainpageapp.gardenbed", "pk": 29}, {"fields": {"gardenbed_posy": 3, "gardenbed_posx": 4, "gardenbed_time": null, "gardenbed_mix": null, "gardenbed_plant": null, "gardenbed_name": "4C"}, "model": "mainpageapp.gardenbed", "pk": 30}, {"fields": {"gardenbed_posy": 4, "gardenbed_posx": 1, "gardenbed_time": null, "gardenbed_mix": null, "gardenbed_plant": null, "gardenbed_name": "1D"}, "model": "mainpageapp.gardenbed", "pk": 31}, {"fields": {"gardenbed_posy": 4, "gardenbed_posx": 2, "gardenbed_time": null, "gardenbed_mix": null, "gardenbed_plant": null, "gardenbed_name": "2D"}, "model": "mainpageapp.gardenbed", "pk": 32}, {"fields": {"gardenbed_posy": 4, "gardenbed_posx": 3, "gardenbed_time": null, "gardenbed_mix": null, "gardenbed_plant": null, "gardenbed_name": "3D"}, "model": "mainpageapp.gardenbed", "pk": 33}, {"fields": {"robot_name": "\u0420\u043e\u0431\u043e\u0442 1", "robot_ip": "192.168.10.2", "robot_tank_volume": 100}, "model": "mainpageapp.robot", "pk": 1}, {"fields": {"task_gardenbed": 18, "task_json": "{\"gardenbed_id\": 18, \"proportions\": {\"2\": 25, \"4\": 25}, \"robot_ip\": \"192.168.10.2\", \"gardenbed_posy\": 1, \"gardenbed_posx\": 1, \"time\": 10, \"robot_id\": 1, \"gardenbed_name\": \"A1\", \"robot_tank_volume\": 100}", "task_time": 10, "task_robot": 1, "task_sent_to_base": 0}, "model": "mainpageapp.task", "pk": 7}, {"fields": {"task_gardenbed": 21, "task_json": "{\"gardenbed_id\": 21, \"proportions\": {\"2\": 15, \"3\": 25}, \"robot_ip\": \"192.168.10.2\", \"gardenbed_posy\": 1, \"gardenbed_posx\": 3, \"time\": 10, \"robot_id\": 1, \"gardenbed_name\": \"3A\", \"robot_tank_volume\": 100}", "task_time": 10, "task_robot": 1, "task_sent_to_base": 0}, "model": "mainpageapp.task", "pk": 8}, {"fields": {"task_gardenbed": 24, "task_json": "{\"gardenbed_id\": 24, \"proportions\": {\"2\": 25, \"4\": 25}, \"robot_ip\": \"192.168.10.2\", \"gardenbed_posy\": 2, \"gardenbed_posx\": 2, \"time\": 10, \"robot_id\": 1, \"gardenbed_name\": \"2B\", \"robot_tank_volume\": 100}", "task_time": 10, "task_robot": 1, "task_sent_to_base": 0}, "model": "mainpageapp.task", "pk": 9}, {"fields": {"task_gardenbed": 19, "task_json": "{\"gardenbed_id\": 19, \"proportions\": {\"2\": 25, \"4\": 25}, \"robot_ip\": \"192.168.10.2\", \"gardenbed_posy\": 4, \"gardenbed_posx\": 4, \"time\": 10, \"robot_id\": 1, \"gardenbed_name\": \"D4\", \"robot_tank_volume\": 100}", "task_time": 10, "task_robot": 1, "task_sent_to_base": 0}, "model": "mainpageapp.task", "pk": 13}, {"fields": {"task_gardenbed": 19, "task_json": "{\"gardenbed_id\": 19, \"proportions\": {\"2\": 25, \"4\": 25}, \"robot_ip\": \"192.168.10.2\", \"gardenbed_posy\": 4, \"gardenbed_posx\": 4, \"time\": 13, \"robot_id\": 1, \"gardenbed_name\": \"D4\", \"robot_tank_volume\": 100}", "task_time": 13, "task_robot": 1, "task_sent_to_base": 0}, "model": "mainpageapp.task", "pk": 14}, {"fields": {"task_gardenbed": 19, "task_json": "{\"gardenbed_id\": 19, \"proportions\": {\"2\": 25, \"4\": 25}, \"robot_ip\": \"192.168.10.2\", \"gardenbed_posy\": 4, \"gardenbed_posx\": 4, \"time\": 16, \"robot_id\": 1, \"gardenbed_name\": \"D4\", \"robot_tank_volume\": 100}", "task_time": 16, "task_robot": 1, "task_sent_to_base": 0}, "model": "mainpageapp.task", "pk": 15}, {"fields": {"base_humidity": 34, "base_ip": "192.168.1.10", "base_temperature": 24, "base_sensor_time": "Thu May 21 21:59:26 2015", "base_name": "\u0411\u0430\u0437\u0430 1"}, "model": "mainpageapp.base", "pk": 1}, {"fields": {"tank_current_volume": 1000, "tank_base": 1, "tank_max_volume": 1000, "tank_ingredient": 0, "tank_id": 1}, "model": "mainpageapp.tank", "pk": 1}, {"fields": {"tank_current_volume": 1000, "tank_base": 1, "tank_max_volume": 1000, "tank_ingredient": 0, "tank_id": 2}, "model": "mainpageapp.tank", "pk": 2}, {"fields": {"tank_current_volume": 1000, "tank_base": 1, "tank_max_volume": 1000, "tank_ingredient": 0, "tank_id": 3}, "model": "mainpageapp.tank", "pk": 3}, {"fields": {"tank_current_volume": 1000, "tank_base": 1, "tank_max_volume": 1000, "tank_ingredient": 0, "tank_id": 4}, "model": "mainpageapp.tank", "pk": 4}]